#,block,timestamp,protocol_id,user,collateral,debt,deposit,id
1,61611,1684875854,zkLend,0x0514f1498aed7c2e4499fb8a9bc216aeef4d4eed13fff28d7ff54d6d6bb01e61,"{""0x053c91253bc9682c04929ca02ed00b3e423f6710d2ee7e0d5ebb06f3ecf368a8"": 1715403.2769719926}",{},"{""0x053c91253bc9682c04929ca02ed00b3e423f6710d2ee7e0d5ebb06f3ecf368a8"": 1715403.2769719926}",0d5e0ecc-4a7a-41e7-9603-d5243ec44a0d
2,85603,1687169814,zkLend,0x04ac055dfef29b0c0180755dbcaefe684158b15b2677ed3d03757f896cda161a,{},{},"{""0x049d36570d4e46f48e99674bd3fcc84644ddd6b96f7c741b1562b82f9e004dc7"": 5.884258476915483e+16}",74ec527c-9202-4fc5-b364-862ea58bc0dd
3,61611,1684875854,zkLend,0x07f07fa75dce9ef8c1ad1af5abed35eb44505fac86eea61b2cae7169a093291c,{},"{""0x049d36570d4e46f48e99674bd3fcc84644ddd6b96f7c741b1562b82f9e004dc7"": 1.3047584849033636e+16}","{""0x053c91253bc9682c04929ca02ed00b3e423f6710d2ee7e0d5ebb06f3ecf368a8"": 30021523.549181923}",ec994981-74f0-4a85-9c72-7762471812a7
4,75607,1686154030,zkLend,0x007d4bf9fe59d781198af72e8b2152bb3cf127c0052f0c027b2cebef2598442b,{},{},"{""0x049d36570d4e46f48e99674bd3fcc84644ddd6b96f7c741b1562b82f9e004dc7"": 7999331321764696.0}",d18d8211-a805-424f-bd2a-037086a74877
5,79607,1686494339,zkLend,0x03c64c1adff8cd145f4193c08ea9c76daabe04c860990a068f157fe9ac81e35b,{},{},"{""0x053c91253bc9682c04929ca02ed00b3e423f6710d2ee7e0d5ebb06f3ecf368a8"": 6679645.777178112}",7902334c-40d0-4b93-8af7-3a182d23650d
6,61611,1684875854,zkLend,0x062d1d2e137c260eeeddc6b78a4dd6d199ab4870ec97eeedbfb385764a5769a9,"{""0x049d36570d4e46f48e99674bd3fcc84644ddd6b96f7c741b1562b82f9e004dc7"": 4375955424430207.0}",{},"{""0x049d36570d4e46f48e99674bd3fcc84644ddd6b96f7c741b1562b82f9e004dc7"": 4375955424430207.0}",c985cef2-3e27-4352-b5da-599ecc0c8f82
7,61611,1684875854,zkLend,0x073c32c7287d1d768c008ca127aa551fa30cf87484a5e3d5740147f8a0a4330f,"{""0x049d36570d4e46f48e99674bd3fcc84644ddd6b96f7c741b1562b82f9e004dc7"": 9.999776949957578e+16}",{},"{""0x049d36570d4e46f48e99674bd3fcc84644ddd6b96f7c741b1562b82f9e004dc7"": 9.999776949957578e+16}",f643a5f3-7775-4e63-ae08-4c73fb95ec51
8,61611,1684875854,zkLend,0x02b565c74b86051102ba70caf0aa0c434284cf7ec65ede5658307b2da24dbda7,"{""0x049d36570d4e46f48e99674bd3fcc84644ddd6b96f7c741b1562b82f9e004dc7"": 3096742317368203.5}",{},"{""0x049d36570d4e46f48e99674bd3fcc84644ddd6b96f7c741b1562b82f9e004dc7"": 3096742317368203.5}",94fbb184-2e6a-4908-8317-36fbdd587c11
9,73608,1685990194,zkLend,0x03e8998a82aa1a245754530cdeaea48c02aa3cbaf9177b42ca988d9babd149b7,{},"{""0x068f5c6a61780768455de69077e07e89787839bf8166decfbf92b645209c0fb8"": -26575855.0}",{},74be2957-7de9-4705-8acb-e2143acbb773
10,87603,1687430027,zkLend,0x016fb92417edbde99359f72e4233316407b17cd94b60066e9ced64405303f702,"{""0x053c91253bc9682c04929ca02ed00b3e423f6710d2ee7e0d5ebb06f3ecf368a8"": 17399350.29157371}",{},"{""0x053c91253bc9682c04929ca02ed00b3e423f6710d2ee7e0d5ebb06f3ecf368a8"": 17399350.29157371}",4cd1b4c8-7b08-427d-a797-a2b2c96750a2
11,61611,1684875854,zkLend,0x01bf6ae2ad13308fc9bd3358cba241890bb704687bbfbf9fd4eacf92de4746da,"{""0x049d36570d4e46f48e99674bd3fcc84644ddd6b96f7c741b1562b82f9e004dc7"": 121997278586476.3}",{},"{""0x049d36570d4e46f48e99674bd3fcc84644ddd6b96f7c741b1562b82f9e004dc7"": 121997278586476.3}",51c2f279-8114-4e88-aab6-6ec1b9c61fcb
12,59612,1684626391,zkLend,0x070225e5d6afc2b9132c716b434ba864e23805bb8ea48d5c972ee4a4d497833e,{},"{""0x049d36570d4e46f48e99674bd3fcc84644ddd6b96f7c741b1562b82f9e004dc7"": 4.9400683292592696e+16}","{""0x053c91253bc9682c04929ca02ed00b3e423f6710d2ee7e0d5ebb06f3ecf368a8"": 1158195.7527528764}",6a906512-3a6a-4923-8666-6e3715a28d52
13,59612,1684626391,zkLend,0x05c8b14d0e2ae3b68b111b0d7cd112a55682cacedc900febdb46905b0fd9d65a,{},"{""0x049d36570d4e46f48e99674bd3fcc84644ddd6b96f7c741b1562b82f9e004dc7"": 7.799002778451026e+16}","{""0x053c91253bc9682c04929ca02ed00b3e423f6710d2ee7e0d5ebb06f3ecf368a8"": 1812655.954566153}",4321c3e7-4734-4938-8cdb-d1561673926e
14,61611,1684875854,zkLend,0x015430f5bd7573cb3ded9c326b7375f670b83e6d63baa8eee0d568e5b5c2e9c2,"{""0x00da114221cb83fa859dbdb4c44beeaa0bb37c7537ad5ae66fe5e0efd20e6eb3"": 9.19465434558463e+17}",{},"{""0x00da114221cb83fa859dbdb4c44beeaa0bb37c7537ad5ae66fe5e0efd20e6eb3"": 9.19465434558463e+17}",2951ea99-595d-4bc5-9aef-0d0b1af99e02
15,61611,1684875854,zkLend,0x03eb266094d13d11b7b19e3d777c88dcc75b2f364cc0d3417bd3042634f6821f,"{""0x00da114221cb83fa859dbdb4c44beeaa0bb37c7537ad5ae66fe5e0efd20e6eb3"": 9.940216017490213e+17}",{},"{""0x00da114221cb83fa859dbdb4c44beeaa0bb37c7537ad5ae66fe5e0efd20e6eb3"": 9.940216017490213e+17}",f5a81600-1cb2-4ade-87be-168d541c0cac
16,61611,1684875854,zkLend,0x0509dbfb262e61307fff8890615f7fd4bdb6e0fc204fef680effac2c80ab84ff,{},"{""0x053c91253bc9682c04929ca02ed00b3e423f6710d2ee7e0d5ebb06f3ecf368a8"": 0.0}","{""0x0000000000000000000000000000000000000000000000000597c6c5391e3de9"": -4.17404284944524e+75}",8d323231-31de-44f8-a783-ff0c7d2f7b8b
17,61611,1684875854,zkLend,0x04b57d1a217b75610cd7808b2feeac8737aff413745b20970ba617ae1bdc94ae,{},{},"{""0x068f5c6a61780768455de69077e07e89787839bf8166decfbf92b645209c0fb8"": 26977936.716226805}",1f964880-9ba2-4cb8-b0f4-6f8de0c345af
18,59612,1684626391,zkLend,0x06db5e5560de4a1d209bdfdb7159078686fa2d5e3275798c13ff285430f3096b,{},"{""0x049d36570d4e46f48e99674bd3fcc84644ddd6b96f7c741b1562b82f9e004dc7"": -2.168290301468851e+16}","{""0x053c91253bc9682c04929ca02ed00b3e423f6710d2ee7e0d5ebb06f3ecf368a8"": 1549423.9894622408}",7c8c705c-3473-4d72-84c6-fcbdd0c669da
19,61611,1684875854,zkLend,0x016fe69358a1344f1004d7629c5f033a2995b6135db32ef1a6cd75bc853caba8,"{""0x053c91253bc9682c04929ca02ed00b3e423f6710d2ee7e0d5ebb06f3ecf368a8"": 238871.82836611467}",{},"{""0x053c91253bc9682c04929ca02ed00b3e423f6710d2ee7e0d5ebb06f3ecf368a8"": 238871.82836611467}",a274dbb1-02f9-420f-b2ba-cddb6af67c3e
20,75607,1686154030,zkLend,0x0205658da74b2534f8123976bb5bc766d7df2be75c2dd14d477bca3add0d3d0f,{},"{""0x049d36570d4e46f48e99674bd3fcc84644ddd6b96f7c741b1562b82f9e004dc7"": -6891083896654415.0}","{""0x049d36570d4e46f48e99674bd3fcc84644ddd6b96f7c741b1562b82f9e004dc7"": 1.0499121236159634e+16}",ac3da125-d9ff-4938-adcc-44fe2ecfb1f3
21,81604,1686676010,zkLend,0x02896582232078fdc016f3e958ca108c585ce57ff13a931397bbc37f158ef178,"{""0x049d36570d4e46f48e99674bd3fcc84644ddd6b96f7c741b1562b82f9e004dc7"": 4.999490626755813e+16}",{},"{""0x049d36570d4e46f48e99674bd3fcc84644ddd6b96f7c741b1562b82f9e004dc7"": 4.999490626755813e+16}",d9ba85c3-bed8-4ca7-b804-8f6652013284
22,87603,1687430027,zkLend,0x067a37bd5fe7b63a3d545ff007db4dd40d39150fbb8e17459438d95a64f685fb,{},{},"{""0x000000000000000000000000000000000000000000000000063f9d7202c633e3"": -4.17404284944524e+75}",cf05f596-1519-4206-bfb8-a6ec78c13d4b
23,135603,1690724042,zkLend,0x02f5d193a9e31053cf409ae820e4ecc73fb2fd1b0b66ee58cb8a781d93a0f3cd,"{""0x049d36570d4e46f48e99674bd3fcc84644ddd6b96f7c741b1562b82f9e004dc7"": 3599196522409003.5}",{},"{""0x049d36570d4e46f48e99674bd3fcc84644ddd6b96f7c741b1562b82f9e004dc7"": 3599196522409003.5}",8e93c8fb-3e30-4035-a44b-2e52f343c667
24,75607,1686154030,zkLend,0x062b15e65a1e5b1b65b5f15570cde669aa02b17e606ebc667e0309bc59253bcf,{},"{""0x049d36570d4e46f48e99674bd3fcc84644ddd6b96f7c741b1562b82f9e004dc7"": -7191478304156717.0}","{""0x049d36570d4e46f48e99674bd3fcc84644ddd6b96f7c741b1562b82f9e004dc7"": 8999247422305284.0}",06d29c7a-7092-435a-9b1d-139aea200257
25,85603,1687169814,zkLend,0x05f61d5f1b5b4f485fc6e355c6b46137c94136f70d7c7a0446ac90802442c0dd,{},{},{},8c507f02-e178-46f3-8a49-24466975345d
26,63610,1685027240,zkLend,0x02db1a8d576b5cac866b43c11b44f4ee8150106b1fce46567fd543503d09a5f0,{},"{""0x049d36570d4e46f48e99674bd3fcc84644ddd6b96f7c741b1562b82f9e004dc7"": 33551092978967.0}","{""0x049d36570d4e46f48e99674bd3fcc84644ddd6b96f7c741b1562b82f9e004dc7"": 59997974840308.484}",8aea2404-0444-4bca-b920-51f170f03441
27,57612,1684449503,zkLend,0x040d3d9bc588b40cb0e5b97e7adea134e4dea32bc0dcc08ff4e84442169871fa,{},{},"{""0x053c91253bc9682c04929ca02ed00b3e423f6710d2ee7e0d5ebb06f3ecf368a8"": 34121.349716157674}",8b7d1a45-f446-4ff6-9554-29350a1ea056
28,59612,1684626391,zkLend,0x01566778cea6c27771b15cb0c00d75a75f710365fc231b6a12d2d61829a5c89f,{},"{""0x053c91253bc9682c04929ca02ed00b3e423f6710d2ee7e0d5ebb06f3ecf368a8"": 16313997.0}",{},4ecf198c-cbec-4b0f-aaab-bb6debee4f7c
29,59612,1684626391,zkLend,0x02b549ef65b26e236ff8d6a9c988cd077fa311358d5b746334039afaee85d783,"{""0x068f5c6a61780768455de69077e07e89787839bf8166decfbf92b645209c0fb8"": 21528997.28861783}",{},"{""0x068f5c6a61780768455de69077e07e89787839bf8166decfbf92b645209c0fb8"": 21528997.28861783}",4470548e-9d9e-47a3-8449-103bd82f651a
30,59612,1684626391,zkLend,0x07e522ac331392f1524aa8f89bedaaabb500471811f8fb68af3e1d11a87a9104,"{""0x049d36570d4e46f48e99674bd3fcc84644ddd6b96f7c741b1562b82f9e004dc7"": 421897988767450.3}",{},"{""0x049d36570d4e46f48e99674bd3fcc84644ddd6b96f7c741b1562b82f9e004dc7"": 421897988767450.3}",388913f8-3d7c-43fa-a67a-9ea376f3057f
31,59612,1684626391,zkLend,0x01c8a4c7661db38b59f10ab88e8e25fd07fbf9e14db1b33120402d46e388bd5d,"{""0x049d36570d4e46f48e99674bd3fcc84644ddd6b96f7c741b1562b82f9e004dc7"": 3105618594106283.0}",{},"{""0x049d36570d4e46f48e99674bd3fcc84644ddd6b96f7c741b1562b82f9e004dc7"": 3105618594106283.0}",7fdecead-434f-4790-8866-14a4dff9cdba
32,59612,1684626391,zkLend,0x0022b064455c3c84f21d610bad448789f2a061b3de3473661d6ef6e4dcef5146,{},"{""0x053c91253bc9682c04929ca02ed00b3e423f6710d2ee7e0d5ebb06f3ecf368a8"": 16628991.0}",{},0c3683ed-44b1-4994-bb70-405f185436ba
33,59612,1684626391,zkLend,0x014141ec501f93ad22a74b0fc9dff2deb033aea912de39a2ff8dd4a09d4856ad,{},"{""0x053c91253bc9682c04929ca02ed00b3e423f6710d2ee7e0d5ebb06f3ecf368a8"": 16501746.0}",{},b720d27d-5b37-45f0-888c-384553f2f81e
34,59612,1684626391,zkLend,0x03d01c93c5fc60caa1b57acceb367e1593a87fefa08e96b7ff7c0a9f4bc1abf8,{},"{""0x053c91253bc9682c04929ca02ed00b3e423f6710d2ee7e0d5ebb06f3ecf368a8"": 1542760.0}",{},1b0fed5c-c7aa-4e4c-85c2-3c9ec6c9f2f5
35,59612,1684626391,zkLend,0x05adc8f6f70ab519656ac6a3e0720b68f8cbfe50a656ab50bc8995511cb6754a,"{""0x049d36570d4e46f48e99674bd3fcc84644ddd6b96f7c741b1562b82f9e004dc7"": 113998047788280.95}",{},"{""0x049d36570d4e46f48e99674bd3fcc84644ddd6b96f7c741b1562b82f9e004dc7"": 113998047788280.95}",0b829831-069c-40ec-89f4-eb93b570c21a
36,59612,1684626391,zkLend,0x0075dd0ffe9ae2b5e9d1aa19daf1ecd1e99e7d6898eeea5add935c9b0b478eb1,{},"{""0x053c91253bc9682c04929ca02ed00b3e423f6710d2ee7e0d5ebb06f3ecf368a8"": -32327959.0}","{""0x0000000000000000000000000000000000000000000000000069c51c3a65516c"": -4.17404284944524e+75}",22814196-6193-416d-b533-c870859240f6
37,59612,1684626391,zkLend,0x00b12ca9e6eeb969b2295747a9750ff0c3c7a50595ff3fad307ed89ecffa053c,"{""0x049d36570d4e46f48e99674bd3fcc84644ddd6b96f7c741b1562b82f9e004dc7"": 7244059641688963.0}",{},"{""0x049d36570d4e46f48e99674bd3fcc84644ddd6b96f7c741b1562b82f9e004dc7"": 7244059641688963.0}",8509fbd1-c66f-4b1e-a91a-834a3379e958
38,59612,1684626391,zkLend,0x06b3c97638130ecdd9bb396c1e8c59253762d37bd878c4d15fd82f9c6ea4c340,{},"{""0x053c91253bc9682c04929ca02ed00b3e423f6710d2ee7e0d5ebb06f3ecf368a8"": 15017449.0}",{},87f45bf1-195b-42b3-92da-2bc0aefdaeb1
39,59612,1684626391,zkLend,0x03e6f95dd0c1dad7dbc00df06b3f98ea0b70c3b7213dbee8c4795ef5f1ee19c8,"{""0x049d36570d4e46f48e99674bd3fcc84644ddd6b96f7c741b1562b82f9e004dc7"": 9999828698286534.0}","{""0x053c91253bc9682c04929ca02ed00b3e423f6710d2ee7e0d5ebb06f3ecf368a8"": 109983.0}","{""0x049d36570d4e46f48e99674bd3fcc84644ddd6b96f7c741b1562b82f9e004dc7"": 9999828698286534.0, ""0x0000000000000000000000000000000000000000000000000023411618fa1a69"": -4.17404284944524e+75}",0ff2fc2e-32a2-4c3a-baff-94a258bd837d
40,59612,1684626391,zkLend,0x006d14f1dcf6c0173703a1f127757efad5fbb05b8e9d7c09b8408829215da91e,"{""0x049d36570d4e46f48e99674bd3fcc84644ddd6b96f7c741b1562b82f9e004dc7"": 999982869828653.5}",{},"{""0x049d36570d4e46f48e99674bd3fcc84644ddd6b96f7c741b1562b82f9e004dc7"": 999982869828653.5}",885d2d2e-35f4-45ea-8a9f-cb29e6b99bbd
41,59612,1684626391,zkLend,0x009166e5afbea54582335ee704e2887faaf96c1d2581b9f70ad562c17b4c7904,"{""0x068f5c6a61780768455de69077e07e89787839bf8166decfbf92b645209c0fb8"": 15550683.806861384}",{},"{""0x068f5c6a61780768455de69077e07e89787839bf8166decfbf92b645209c0fb8"": 15550683.806861384, ""0x0000000000000000000000000000000000000000000000000000000000e3da74"": -5.9343481008916564e+75}",67c8fb3a-cc7b-405a-8b0b-e049092e4a8c
42,59612,1684626391,zkLend,0x0783b1c91fb8602203ef9e4b8b5a2f76d981427c33b60e03a88ebb3c2a8e5414,"{""0x049d36570d4e46f48e99674bd3fcc84644ddd6b96f7c741b1562b82f9e004dc7"": 999982867721933.0}","{""0x053c91253bc9682c04929ca02ed00b3e423f6710d2ee7e0d5ebb06f3ecf368a8"": 724662.0}","{""0x049d36570d4e46f48e99674bd3fcc84644ddd6b96f7c741b1562b82f9e004dc7"": 999982867721933.0}",6843a6e5-d58d-47a7-b7d1-49d53217a640
43,61611,1684875854,zkLend,0x06af64e8f8c190cb02427761fca3c47c6c210b38105bde5f8dfe8687ef59bea8,"{""0x049d36570d4e46f48e99674bd3fcc84644ddd6b96f7c741b1562b82f9e004dc7"": 122997255171472.03}",{},"{""0x049d36570d4e46f48e99674bd3fcc84644ddd6b96f7c741b1562b82f9e004dc7"": 122997255171472.03}",4a8a5e09-9339-436a-b37f-a481a7c830b3
44,61611,1684875854,zkLend,0x05edab6a2f2ec49b060a5a2c3b585f519b3aed55cd43c6feccac73338cdb4833,"{""0x049d36570d4e46f48e99674bd3fcc84644ddd6b96f7c741b1562b82f9e004dc7"": 499988842160455.44}",{},"{""0x049d36570d4e46f48e99674bd3fcc84644ddd6b96f7c741b1562b82f9e004dc7"": 499988842160455.44}",62e5c5f2-ded9-4130-8988-35f3dbd03481
45,59612,1684626391,zkLend,0x004dcf79146caaae58163bc3679ff19653a54f28c0dbff3b48f6cfb32376f338,{},"{""0x049d36570d4e46f48e99674bd3fcc84644ddd6b96f7c741b1562b82f9e004dc7"": 2.684984147071774e+16}","{""0x053c91253bc9682c04929ca02ed00b3e423f6710d2ee7e0d5ebb06f3ecf368a8"": 625961.9187331528}",2ea8913c-03bd-4025-a13a-db250e00e929
46,61611,1684875854,zkLend,0x03c9cbff880281a3457f580f667e78e3e8a9277741273b5979cca28469ea3bde,"{""0x049d36570d4e46f48e99674bd3fcc84644ddd6b96f7c741b1562b82f9e004dc7"": 519988395048107.06}",{},"{""0x049d36570d4e46f48e99674bd3fcc84644ddd6b96f7c741b1562b82f9e004dc7"": 519988395048107.06}",2d3602af-0f8e-4ed4-81e3-d573b33f257d
47,61611,1684875854,zkLend,0x0043cc9f78a97ee58a67faaf7558a6113f3ded96899909fee140c382d300b922,"{""0x049d36570d4e46f48e99674bd3fcc84644ddd6b96f7c741b1562b82f9e004dc7"": 1.2629718133572292e+16}",{},"{""0x049d36570d4e46f48e99674bd3fcc84644ddd6b96f7c741b1562b82f9e004dc7"": 1.2629718133572292e+16, ""0x000000000000000000000000000000000000000000000000002cddc3559d4400"": -4.17404284944524e+75}",71868ee5-4908-460d-b658-7006c142913d
48,61611,1684875854,zkLend,0x04ec9f751c4f16279a56afcd2a834009e395d611d3d45c7b0634cc95e1167883,"{""0x049d36570d4e46f48e99674bd3fcc84644ddd6b96f7c741b1562b82f9e004dc7"": 1.6199638427682366e+16}",{},"{""0x049d36570d4e46f48e99674bd3fcc84644ddd6b96f7c741b1562b82f9e004dc7"": 1.6199638427682366e+16, ""0x00000000000000000000000000000000000000000000000000398bfec4126000"": -4.17404284944524e+75}",543bd4d9-b42c-432e-9034-3141fa6ad077
49,61611,1684875854,zkLend,0x04149d3dc55c5547130a952c843143ad06c8b9975b93fdde67fe5d02da7f8ca3,"{""0x068f5c6a61780768455de69077e07e89787839bf8166decfbf92b645209c0fb8"": 11807102.361621851}","{""0x049d36570d4e46f48e99674bd3fcc84644ddd6b96f7c741b1562b82f9e004dc7"": 0.0}","{""0x068f5c6a61780768455de69077e07e89787839bf8166decfbf92b645209c0fb8"": 11807102.361621851, ""0x0000000000000000000000000000000000000000000000000000000000b43858"": -5.9343481008916564e+75}",005967ef-576c-4af1-aa83-d6c53f023c37
50,61611,1684875854,zkLend,0x01c0b416dc591d6869b1a843c7c2ccd9e1f3d132915d2424ff9e99a76374b2a1,"{""0x049d36570d4e46f48e99674bd3fcc84644ddd6b96f7c741b1562b82f9e004dc7"": 529988169655133.4}",{},"{""0x049d36570d4e46f48e99674bd3fcc84644ddd6b96f7c741b1562b82f9e004dc7"": 529988169655133.4}",68fbc104-a05f-4b90-b0c8-2efa962bb215
51,61611,1684875854,zkLend,0x0414612b30a448d7547b8e307c08380d80256d24ba32ef13fbf3004b8d1c0127,"{""0x049d36570d4e46f48e99674bd3fcc84644ddd6b96f7c741b1562b82f9e004dc7"": 1733777018152083.2}",{},"{""0x049d36570d4e46f48e99674bd3fcc84644ddd6b96f7c741b1562b82f9e004dc7"": 1733777018152083.2}",38202a9d-961d-4597-9c99-b78408e79b13
52,61611,1684875854,zkLend,0x034f10f63672626fb1719ff31b948d0f98f1605fbd79889749133992ea2982ae,"{""0x03fe2b97c1fd336e750087d68b9b867997fd64a2661ff3ca5a7c771641e8e7ac"": 0.0, ""0x068f5c6a61780768455de69077e07e89787839bf8166decfbf92b645209c0fb8"": 0.0, ""0x00da114221cb83fa859dbdb4c44beeaa0bb37c7537ad5ae66fe5e0efd20e6eb3"": 0.0, ""0x053c91253bc9682c04929ca02ed00b3e423f6710d2ee7e0d5ebb06f3ecf368a8"": 0.0, ""0x049d36570d4e46f48e99674bd3fcc84644ddd6b96f7c741b1562b82f9e004dc7"": 0.0}",{},"{""0x049d36570d4e46f48e99674bd3fcc84644ddd6b96f7c741b1562b82f9e004dc7"": 0.0, ""0x00da114221cb83fa859dbdb4c44beeaa0bb37c7537ad5ae66fe5e0efd20e6eb3"": 0.0, ""0x053c91253bc9682c04929ca02ed00b3e423f6710d2ee7e0d5ebb06f3ecf368a8"": 0.0, ""0x03fe2b97c1fd336e750087d68b9b867997fd64a2661ff3ca5a7c771641e8e7ac"": 0.0, ""0x068f5c6a61780768455de69077e07e89787839bf8166decfbf92b645209c0fb8"": 0.0}",d5bc36e0-8e71-47d0-bdc1-cfa7f81673d8
53,61611,1684875854,zkLend,0x047995626ddd0043523da0a25d6fc7b6cb9700e168c9288e28bef204cd2065b6,{},{},"{""0x049d36570d4e46f48e99674bd3fcc84644ddd6b96f7c741b1562b82f9e004dc7"": 4999888413924106.0}",863e2810-91da-4ceb-a8e7-053f4b8855ed
54,85603,1687169814,zkLend,0x060d4b837062a60a5668f44bda5abf329cee185fccbb1e72f96e0914f21f2499,{},{},"{""0x053c91253bc9682c04929ca02ed00b3e423f6710d2ee7e0d5ebb06f3ecf368a8"": 99962856.01549998}",4c27b1d6-a112-4c15-b6ea-5ec664ab67ba
55,59612,1684626391,zkLend,0x0212072728239a357fe4ecbbf24537322915d64d93b03e20b4d2f06b88d9b761,{},"{""0x049d36570d4e46f48e99674bd3fcc84644ddd6b96f7c741b1562b82f9e004dc7"": -1.588599229238132e+16}","{""0x053c91253bc9682c04929ca02ed00b3e423f6710d2ee7e0d5ebb06f3ecf368a8"": 1464686.094966671}",9de887cc-2899-42e3-a49b-13e1c6e7e1bd
56,61611,1684875854,zkLend,0x006dafad566e06f656027bb46c32ad4b065777905eca7cda5a890bc77b9051dc,{},"{""0x049d36570d4e46f48e99674bd3fcc84644ddd6b96f7c741b1562b82f9e004dc7"": -2719947840475234.0}","{""0x053c91253bc9682c04929ca02ed00b3e423f6710d2ee7e0d5ebb06f3ecf368a8"": 88570006.7596581}",75905a23-f707-4f48-95eb-e1e649d2e232
57,81604,1686676010,zkLend,0x028ad0710469c4fd6167a44a1192e785155bedfbc8fd6bb45b77eb4e9b3d552d,"{""0x049d36570d4e46f48e99674bd3fcc84644ddd6b96f7c741b1562b82f9e004dc7"": 4.324884341693242e+16}",{},"{""0x049d36570d4e46f48e99674bd3fcc84644ddd6b96f7c741b1562b82f9e004dc7"": 4.324884341693242e+16}",2ab2f622-65a2-46d9-b93d-8ab4063579ce
58,87603,1687430027,zkLend,0x02094e9e2f307b938c6e0317b6ad726c4cf7120ea23490bfa8a6bba1f5876f17,{},"{""0x053c91253bc9682c04929ca02ed00b3e423f6710d2ee7e0d5ebb06f3ecf368a8"": 0.0}","{""0x00000000000000000000000000000000000000000000000000a87b1a04d55168"": -4.17404284944524e+75}",4d508da1-e12b-4fc4-a9c1-44f66a84c401
59,81604,1686676010,zkLend,0x033878d42af615430f94b209b4050a6c0bfbeb695053fd8ef84ab637fff74b7c,{},{},"{""0x049d36570d4e46f48e99674bd3fcc84644ddd6b96f7c741b1562b82f9e004dc7"": 2040601247872122.0}",58668808-f885-4166-9a54-3d18432a999f
60,61611,1684875854,zkLend,0x0146664998753c30c70f1ed76ee23c8dbc35b2b19f6d58962df5c0bce38a177a,"{""0x049d36570d4e46f48e99674bd3fcc84644ddd6b96f7c741b1562b82f9e004dc7"": 3.499921865449341e+16}","{""0x053c91253bc9682c04929ca02ed00b3e423f6710d2ee7e0d5ebb06f3ecf368a8"": 0.0}","{""0x049d36570d4e46f48e99674bd3fcc84644ddd6b96f7c741b1562b82f9e004dc7"": 3.499921865449341e+16}",73736b5b-0e92-4c16-b917-7a5cf75bf73d
61,61611,1684875854,zkLend,0x03f2985089e790e1550eaa5a02068bbc188c79720ee513670d1d47234020d4aa,"{""0x049d36570d4e46f48e99674bd3fcc84644ddd6b96f7c741b1562b82f9e004dc7"": 35999196261683.39}",{},"{""0x049d36570d4e46f48e99674bd3fcc84644ddd6b96f7c741b1562b82f9e004dc7"": 35999196261683.39}",090d5ce8-5616-4b3a-a5d1-734e1add5a96
62,59612,1684626391,zkLend,0x07bab7ba876ed300ddec11bde9811ed2978bf1df6574b2e688e466a48c87e335,{},"{""0x053c91253bc9682c04929ca02ed00b3e423f6710d2ee7e0d5ebb06f3ecf368a8"": -7960037.0}",{},5480a9ba-2e07-4f9f-9c9a-835a0cfa138a
63,99603,1688846108,zkLend,0x072d236cb5708128eb07a35bcd1d41d58aea48f2a46240f1806f1bd5b7b9250d,"{""0x00da114221cb83fa859dbdb4c44beeaa0bb37c7537ad5ae66fe5e0efd20e6eb3"": 1.0562186673181542e+19}",{},"{""0x00da114221cb83fa859dbdb4c44beeaa0bb37c7537ad5ae66fe5e0efd20e6eb3"": 1.0562186673181542e+19}",85388237-f72c-4b04-bcba-b9d948793aa3
64,85603,1687169814,zkLend,0x0621ef3c36b0cb9643b0262a13838f0b7039595a291e53702266750cc2787e0d,"{""0x053c91253bc9682c04929ca02ed00b3e423f6710d2ee7e0d5ebb06f3ecf368a8"": 867954252.1936822}",{},"{""0x053c91253bc9682c04929ca02ed00b3e423f6710d2ee7e0d5ebb06f3ecf368a8"": 867954252.1936822, ""0x0000000000000000000000000000000000000000000000000000000033c13ddd"": -4.737153647675251e+75}",11bfea8f-8948-4884-a537-bdc554d8af5c
65,59612,1684626391,zkLend,0x028d0cb0f87e7aea15064d6d35bc8282279e4c5e2f9800c252a00001dd61735d,{},"{""0x053c91253bc9682c04929ca02ed00b3e423f6710d2ee7e0d5ebb06f3ecf368a8"": 15130115.0}",{},0ec3a5d6-e1e1-48ad-90dc-82ecc2467024
66,59612,1684626391,zkLend,0x0577d9adbe6691d59b8cff768ab5d4bce8bd0a7aac9ecfd8dcdbcf608d16c491,{},"{""0x053c91253bc9682c04929ca02ed00b3e423f6710d2ee7e0d5ebb06f3ecf368a8"": 19321118.0}",{},95f0b4f9-b294-48fa-a68c-2fb0058cfec6
67,59612,1684626391,zkLend,0x034a7e18986ac4a34c6ea3dd7dd5fdb4669c65f9d7cc9a552aa5de827e1f015b,{},"{""0x053c91253bc9682c04929ca02ed00b3e423f6710d2ee7e0d5ebb06f3ecf368a8"": 18833276.0}",{},368a5df1-100b-4f4a-a079-864c51b8c5d1
68,59612,1684626391,zkLend,0x0317a4a079a276fb4c19c7378f5c8ca42687953c3d6c563b79effdbbde77761b,"{""0x053c91253bc9682c04929ca02ed00b3e423f6710d2ee7e0d5ebb06f3ecf368a8"": 9999771.125805598}","{""0x053c91253bc9682c04929ca02ed00b3e423f6710d2ee7e0d5ebb06f3ecf368a8"": 7997828.0}","{""0x053c91253bc9682c04929ca02ed00b3e423f6710d2ee7e0d5ebb06f3ecf368a8"": 9999771.125805598}",fd490e04-843f-45fa-9d45-4a7042a0e34b
69,59612,1684626391,zkLend,0x05ed35e61326179c0d5257fae96b6b05c3c9b917dd0efba42cb4cad07f331e39,{},"{""0x053c91253bc9682c04929ca02ed00b3e423f6710d2ee7e0d5ebb06f3ecf368a8"": 15147344.0}",{},21534864-c87f-429b-91c3-538ce9e1443c
70,59612,1684626391,zkLend,0x06583ac0c8b0f92fb1032d780f16bdeae7daa1168d4137a88fb69b790c4390f6,"{""0x053c91253bc9682c04929ca02ed00b3e423f6710d2ee7e0d5ebb06f3ecf368a8"": 26999381.969801985}",{},"{""0x053c91253bc9682c04929ca02ed00b3e423f6710d2ee7e0d5ebb06f3ecf368a8"": 26999381.969801985}",ad01e5ce-0aa6-4fc7-9e59-d8af27b29c8f
71,59612,1684626391,zkLend,0x0061465a045190922d8570ce72fe84df6d39df85a1401ff5ba61ebdded84da97,{},"{""0x053c91253bc9682c04929ca02ed00b3e423f6710d2ee7e0d5ebb06f3ecf368a8"": 23935597.0}",{},6266a724-f0f4-4b04-9297-803da1004bba
72,59612,1684626391,zkLend,0x07246a11843495bebfb7ac518aae9b33d5a5059babaec8598363fd0fab22f336,{},"{""0x053c91253bc9682c04929ca02ed00b3e423f6710d2ee7e0d5ebb06f3ecf368a8"": 23934067.0}",{},3cf881af-e081-4785-b49a-14493e27fc31
73,59612,1684626391,zkLend,0x008bf411b3380bdff6ba14f4c077308c2a9709fbd7477148397352a50f3950c8,"{""0x049d36570d4e46f48e99674bd3fcc84644ddd6b96f7c741b1562b82f9e004dc7"": 395993108368267.1}",{},"{""0x049d36570d4e46f48e99674bd3fcc84644ddd6b96f7c741b1562b82f9e004dc7"": 395993108368267.1}",1c6be2bb-6297-456a-b760-c396e7bd8299
74,59612,1684626391,zkLend,0x06b584d232673b6f4e4967f2be78bb4ee449d9efa5cd59f5e545f26db8f1cb5a,{},"{""0x053c91253bc9682c04929ca02ed00b3e423f6710d2ee7e0d5ebb06f3ecf368a8"": 16030297.0}",{},1251c19c-232a-4319-94f6-80e356735041
75,59612,1684626391,zkLend,0x07ea1afdb478c6eaddafd4e1f2b801530023347ac502a4f385d92fb6e27a1d9d,"{""0x049d36570d4e46f48e99674bd3fcc84644ddd6b96f7c741b1562b82f9e004dc7"": 5999895581337381.0}","{""0x049d36570d4e46f48e99674bd3fcc84644ddd6b96f7c741b1562b82f9e004dc7"": 2399139291027880.0}","{""0x049d36570d4e46f48e99674bd3fcc84644ddd6b96f7c741b1562b82f9e004dc7"": 5999895581337381.0}",68be826e-5d95-46ca-a520-142fc652651e
76,59612,1684626391,zkLend,0x0469ff606007d5ac037a70b9f23c5d0fdb37a1b48fc2ebe08046c89e7374e7b6,{},"{""0x053c91253bc9682c04929ca02ed00b3e423f6710d2ee7e0d5ebb06f3ecf368a8"": 18654642.0}",{},7554931f-8ec1-41a9-beb6-dec0cf642bc7
77,59612,1684626391,zkLend,0x07f750eef7be4cc707117ba4165ad566297d5f3c2e5053699ae83ed2eb8c7045,{},"{""0x053c91253bc9682c04929ca02ed00b3e423f6710d2ee7e0d5ebb06f3ecf368a8"": 18087631.0}",{},c578d31f-1cd2-4f43-9beb-66d380113d7a
78,59612,1684626391,zkLend,0x0793aad8330464de5f17be42934c6b3ac289bac0d43f12ed394f0354174d437c,{},"{""0x053c91253bc9682c04929ca02ed00b3e423f6710d2ee7e0d5ebb06f3ecf368a8"": 22085281.0}",{},eb46ce57-1b4e-4b18-aa22-e2fb55ac641a
79,59612,1684626391,zkLend,0x0771e8852b0447fde64b555e9f6d88718ce599dc723346ff472b73a1012ea8ea,{},"{""0x053c91253bc9682c04929ca02ed00b3e423f6710d2ee7e0d5ebb06f3ecf368a8"": 14868287.0}",{},027b37f1-c6d5-4717-ab8a-19e9cae8e18f
80,59612,1684626391,zkLend,0x071cd9ea331c000f5bab56085a95f1a835aa5fd947e4eff1656dedd7239a17f0,"{""0x049d36570d4e46f48e99674bd3fcc84644ddd6b96f7c741b1562b82f9e004dc7"": 5999895557545727.0}","{""0x049d36570d4e46f48e99674bd3fcc84644ddd6b96f7c741b1562b82f9e004dc7"": 2447122067144755.0}","{""0x049d36570d4e46f48e99674bd3fcc84644ddd6b96f7c741b1562b82f9e004dc7"": 5999895557545727.0}",2d3799c8-ff1f-496b-b7c5-1d897fd049f9
81,59612,1684626391,zkLend,0x01f2d930571648e273cf6f8627128d02d7779686c5e857b311a3fb97fb6ff157,"{""0x049d36570d4e46f48e99674bd3fcc84644ddd6b96f7c741b1562b82f9e004dc7"": 5999895557545727.0}","{""0x049d36570d4e46f48e99674bd3fcc84644ddd6b96f7c741b1562b82f9e004dc7"": 2351156429049209.0}","{""0x049d36570d4e46f48e99674bd3fcc84644ddd6b96f7c741b1562b82f9e004dc7"": 5999895557545727.0}",b1d0e3a1-abb0-40de-97d2-991fab8fbf4e
82,59612,1684626391,zkLend,0x02ae87a4e4b863541bdbf2045c7f30de2e8d003d368c614e33979e5e50262c41,{},"{""0x053c91253bc9682c04929ca02ed00b3e423f6710d2ee7e0d5ebb06f3ecf368a8"": 18538692.0}",{},a7557695-8065-430b-b525-bf96f4c3f9bb
83,59612,1684626391,zkLend,0x069b20add092b89c0bb8cf28d29f7a01fe61de98696514ebd95c9afcdcebc06a,{},"{""0x053c91253bc9682c04929ca02ed00b3e423f6710d2ee7e0d5ebb06f3ecf368a8"": 18147943.0}",{},d6172bc1-5eed-4adc-81f3-0984e2a29c44
84,59612,1684626391,zkLend,0x054b8a0dc79bc5a7ac25fdfac76ae68c386766a37b29f637feeaa86f60a09154,{},"{""0x053c91253bc9682c04929ca02ed00b3e423f6710d2ee7e0d5ebb06f3ecf368a8"": 1779560.0}",{},80792a17-01f9-4e24-a389-803993f86925
85,59612,1684626391,zkLend,0x076c57e5adcfcaea1d98e1e74071c6d7d5305b4edcff5d7437e151067a3c2f19,{},"{""0x053c91253bc9682c04929ca02ed00b3e423f6710d2ee7e0d5ebb06f3ecf368a8"": 15058699.0}",{},dc686e70-b899-4dac-aced-dde05425db45
86,59612,1684626391,zkLend,0x0726ac02881f36637857d3e672e30dfe653c35941d5bbf4d458d99dbdcb47a1d,{},"{""0x049d36570d4e46f48e99674bd3fcc84644ddd6b96f7c741b1562b82f9e004dc7"": 3.382691600687096e+16}","{""0x053c91253bc9682c04929ca02ed00b3e423f6710d2ee7e0d5ebb06f3ecf368a8"": 822071.473575848}",93deb0b5-8a9f-4c48-a5bb-38e55c2a9b3f
87,61611,1684875854,zkLend,0x02102e19e847ab312701ae853ddf7d65570346c8aebbdaf85f0c7f3b8f7272b6,"{""0x049d36570d4e46f48e99674bd3fcc84644ddd6b96f7c741b1562b82f9e004dc7"": 1.6732027324039864e+16}",{},"{""0x049d36570d4e46f48e99674bd3fcc84644ddd6b96f7c741b1562b82f9e004dc7"": 1.6732027324039864e+16}",d2c95d54-25af-4837-ae0d-21383480d2c6
88,61611,1684875854,zkLend,0x030d0b091fceea6ddc993ecd862f5e94cfb0e329a773f8cbdfd49a19c80f8d59,"{""0x049d36570d4e46f48e99674bd3fcc84644ddd6b96f7c741b1562b82f9e004dc7"": 123997231358727.6}",{},"{""0x049d36570d4e46f48e99674bd3fcc84644ddd6b96f7c741b1562b82f9e004dc7"": 123997231358727.6}",6b2ecb17-a7b3-4a61-8013-7aa8ce090a55
89,61611,1684875854,zkLend,0x05c191ee3b004f0dd3c0f534ceb3dabc22401d2dde4ed2e6c292b1c36fc4283d,"{""0x053c91253bc9682c04929ca02ed00b3e423f6710d2ee7e0d5ebb06f3ecf368a8"": 51998001.02119159}",{},"{""0x053c91253bc9682c04929ca02ed00b3e423f6710d2ee7e0d5ebb06f3ecf368a8"": 51998001.02119159, ""0x00000000000000000000000000000000000000000000000000000000031960af"": -4.737153647675251e+75}",a139bfb3-761a-4b0d-b8de-3baae7603d8d
90,61611,1684875854,zkLend,0x06adddf42b87a1cfca6ce8612ae75adb34c3a4f5f18d7e11ff182f6c33391293,"{""0x049d36570d4e46f48e99674bd3fcc84644ddd6b96f7c741b1562b82f9e004dc7"": 529988165082026.7}",{},"{""0x049d36570d4e46f48e99674bd3fcc84644ddd6b96f7c741b1562b82f9e004dc7"": 529988165082026.7}",593ad2fa-67b7-4c78-bc78-a92d47c9ce2e
91,61611,1684875854,zkLend,0x020b3815f18bc43b981b0727a09a0e54a04c067a03a5c2dac535d2644ffcce28,"{""0x068f5c6a61780768455de69077e07e89787839bf8166decfbf92b645209c0fb8"": 59575.86155839251}","{""0x068f5c6a61780768455de69077e07e89787839bf8166decfbf92b645209c0fb8"": 20862.0}","{""0x068f5c6a61780768455de69077e07e89787839bf8166decfbf92b645209c0fb8"": 59575.86155839251}",afad3f1c-b929-409c-8f6b-ab2f649ad26f
92,61611,1684875854,zkLend,0x018e81504fedef74ab1a6c7dd1333041531c5dacbd4853e3d490c0f8ee93e3b1,"{""0x049d36570d4e46f48e99674bd3fcc84644ddd6b96f7c741b1562b82f9e004dc7"": 584814278997958.8}",{},"{""0x049d36570d4e46f48e99674bd3fcc84644ddd6b96f7c741b1562b82f9e004dc7"": 584814278997958.8}",e2eca423-eddd-40de-a660-939fb251f5c1
93,61611,1684875854,zkLend,0x03967e284f9870e6b8870f5ed4967a4731c3e80e6a8f3852f32efc7bd85a729b,"{""0x049d36570d4e46f48e99674bd3fcc84644ddd6b96f7c741b1562b82f9e004dc7"": 119997319904692.12}",{},"{""0x049d36570d4e46f48e99674bd3fcc84644ddd6b96f7c741b1562b82f9e004dc7"": 119997319904692.12}",78872b4e-cfe6-4cbf-a08e-f464128a7e0b
94,61611,1684875854,zkLend,0x05b45afebd840f23c11db25650a6fd96e575b2d8235e8bff378534977bee48ae,{},"{""0x068f5c6a61780768455de69077e07e89787839bf8166decfbf92b645209c0fb8"": 20484268.0}",{},7f954f73-8046-4735-9f00-bd133faf5ce1
95,79607,1686494339,zkLend,0x065180ed76f151e811b5a82ed2e9ada77793d033d29c94b92fb0c16f6f278f1d,{},{},"{""0x049d36570d4e46f48e99674bd3fcc84644ddd6b96f7c741b1562b82f9e004dc7"": 1317233289293662.0}",4a45578b-00f6-4559-a545-2f68f2e020ce
96,61611,1684875854,zkLend,0x07c00cbe1999de4ffe94ade82174dd4057788281169d3e19b1e68a01683f1429,"{""0x053c91253bc9682c04929ca02ed00b3e423f6710d2ee7e0d5ebb06f3ecf368a8"": 26762449.047038414, ""0x049d36570d4e46f48e99674bd3fcc84644ddd6b96f7c741b1562b82f9e004dc7"": 3720041396012704.5}",{},"{""0x053c91253bc9682c04929ca02ed00b3e423f6710d2ee7e0d5ebb06f3ecf368a8"": 26762449.047038414, ""0x049d36570d4e46f48e99674bd3fcc84644ddd6b96f7c741b1562b82f9e004dc7"": 3720041396012704.5}",6373c0fa-0cad-4829-ba18-e32839a9802f
97,61611,1684875854,zkLend,0x022834e46f112471d426834494feea67a29096acf18b20670392b16397e3bc61,"{""0x068f5c6a61780768455de69077e07e89787839bf8166decfbf92b645209c0fb8"": 500414.83294993953}","{""0x068f5c6a61780768455de69077e07e89787839bf8166decfbf92b645209c0fb8"": 79655.0}","{""0x068f5c6a61780768455de69077e07e89787839bf8166decfbf92b645209c0fb8"": 500414.83294993953}",5cd43cef-2c78-48c1-99d8-f10c30c146d1
98,61611,1684875854,zkLend,0x037b63c8137434b093c0f0d442422a9b999708de645e3b41c39ef41d697773ed,"{""0x049d36570d4e46f48e99674bd3fcc84644ddd6b96f7c741b1562b82f9e004dc7"": 519988385181088.0}",{},"{""0x049d36570d4e46f48e99674bd3fcc84644ddd6b96f7c741b1562b82f9e004dc7"": 519988385181088.0}",b6f6e652-2dec-4ee6-9cb0-931dd4862956
99,73608,1685990194,zkLend,0x05f21e7acf61eac8209d6ea75f6fa1a977dc4e32674b72639b5b9ac36ac2154c,{},{},"{""0x049d36570d4e46f48e99674bd3fcc84644ddd6b96f7c741b1562b82f9e004dc7"": 999924789753291.0}",88ed2bbf-9474-4ca9-b9d5-967cea385b11
100,61611,1684875854,zkLend,0x047f8aa321cdb3ef5defcc2f4884aeecddd47f7daaf0fbd2e4a978fef3dfaac4,"{""0x068f5c6a61780768455de69077e07e89787839bf8166decfbf92b645209c0fb8"": 13994094.60013445}","{""0x068f5c6a61780768455de69077e07e89787839bf8166decfbf92b645209c0fb8"": 0.0}","{""0x068f5c6a61780768455de69077e07e89787839bf8166decfbf92b645209c0fb8"": 13994094.60013445, ""0x0000000000000000000000000000000000000000000000000000000000d59a18"": -5.9343481008916564e+75}",28496cf1-687e-4989-ac8f-8856c14ba600
